Employee_Id,Avg_Working_Hours_Per_Day,Work_From,Work_Pressure,Manager_Support,Sleeping_Habit,Exercise_Habit,Job_Satisfaction,Work_Life_Balance,Social_Person,Lives_With_Family,Working_State,Stress_Level
EMP0001,6.7,Home,3,4,4,2,5,No,5,Yes,Karnataka,3
EMP0002,6.9,Home,1,1,5,4,3,Yes,3,Yes,Pune,4
EMP0003,15.1,Office,3,2,3,5,1,No,2,No,Delhi,1
EMP0004,10.7,Hybrid,3,2,5,3,2,No,1,No,Hyderabad,2
EMP0005,11.8,Home,2,2,4,1,5,No,5,Yes,Hyderabad,5
EMP0006,11,Hybrid,1,4,3,2,2,No,2,No,Karnataka,2
EMP0007,15,Hybrid,3,4,5,2,1,No,1,No,Pune,5
EMP0008,8.9,Home,4,4,2,4,2,No,3,No,Pune,4
EMP0009,8.3,Hybrid,4,3,3,5,2,Yes,1,No,Pune,4
EMP0010,8.5,Office,2,5,3,3,4,Yes,1,No,Chennai,2
EMP0011,12.2,Hybrid,5,3,5,2,1,Yes,3,No,Karnataka,3
EMP0012,9,Office,1,5,2,2,2,No,2,No,Chennai,4
EMP0013,8.1,Office,3,4,1,2,5,No,5,Yes,Hyderabad,1
EMP0014,8.7,Hybrid,2,4,4,1,2,No,2,Yes,Karnataka,5
EMP0015,7.8,Hybrid,2,3,3,5,5,Yes,4,Yes,Pune,5
EMP0016,9.9,Home,3,2,1,2,5,Yes,4,Yes,Hyderabad,3
EMP0017,10.3,Office,2,4,5,3,2,No,3,Yes,Hyderabad,4
EMP0018,7.7,Office,4,5,1,4,5,Yes,2,No,Delhi,3
EMP0019,10.3,Home,5,1,3,3,3,Yes,4,Yes,Pune,3
EMP0020,9.8,Home,3,3,4,1,4,Yes,2,No,Hyderabad,4
EMP0021,10.1,Office,2,1,1,2,5,No,3,No,Pune,2
EMP0022,8.8,Office,3,4,2,3,3,Yes,2,Yes,Karnataka,5
EMP0023,6.9,Home,4,2,2,4,1,No,5,No,Delhi,2
EMP0024,9.7,Office,4,3,5,2,1,Yes,4,No,Delhi,2
EMP0025,10.5,Home,3,4,2,4,5,Yes,2,Yes,Delhi,5
EMP0026,8.6,Office,4,3,1,2,5,No,3,No,Delhi,2
EMP0027,9.8,Office,5,3,1,1,3,No,3,Yes,Hyderabad,4
EMP0028,10.1,Hybrid,5,3,3,2,2,Yes,3,No,Delhi,2
EMP0029,11,Home,1,2,5,2,3,No,3,No,Karnataka,5
EMP0030,10.7,Hybrid,5,1,3,5,3,Yes,3,Yes,Chennai,1
EMP0031,8.2,Office,1,4,2,5,2,No,3,No,Hyderabad,1
EMP0032,11.1,Home,5,5,1,5,5,No,1,Yes,Chennai,1
EMP0033,9,Home,5,4,2,1,2,No,1,No,Chennai,4
EMP0034,5.4,Home,1,1,4,1,5,Yes,3,Yes,Delhi,1
EMP0035,7.4,Hybrid,2,3,3,3,1,Yes,2,Yes,Karnataka,2
EMP0036,8.2,Home,3,5,2,3,1,Yes,1,Yes,Chennai,1
EMP0037,10.6,Home,2,4,3,2,5,Yes,2,No,Pune,3
EMP0038,14.2,Hybrid,3,2,3,5,3,Yes,4,No,Karnataka,2
EMP0039,9.2,Office,5,2,2,5,2,Yes,3,Yes,Karnataka,2
EMP0040,12.9,Home,5,5,1,4,1,No,1,Yes,Pune,1
EMP0041,9.2,Office,2,4,3,4,1,Yes,3,Yes,Chennai,4
EMP0042,5.9,Hybrid,3,5,1,4,5,Yes,2,No,Delhi,2
EMP0043,11.4,Office,5,4,3,4,5,No,1,No,Hyderabad,3
EMP0044,10,Home,2,1,1,4,3,Yes,1,No,Karnataka,2
EMP0045,9.3,Home,4,1,2,2,5,Yes,1,Yes,Pune,3
EMP0046,8.1,Office,1,3,5,2,4,No,3,Yes,Pune,3
EMP0047,10.4,Home,4,2,5,4,3,No,1,Yes,Pune,2
EMP0048,14.8,Office,2,1,5,3,1,No,1,No,Hyderabad,5
EMP0049,8.2,Office,3,4,2,3,4,Yes,1,Yes,Hyderabad,1
EMP0050,10.5,Hybrid,5,5,2,1,1,No,2,No,Hyderabad,1
EMP0051,7.9,Home,1,1,5,3,1,No,3,No,Karnataka,2
EMP0052,9.3,Hybrid,5,5,4,3,1,No,3,No,Chennai,3
EMP0053,9.3,Hybrid,1,4,1,3,3,No,2,Yes,Karnataka,1
EMP0054,7.8,Hybrid,5,3,1,2,2,Yes,1,Yes,Delhi,1
EMP0055,10.1,Hybrid,2,3,3,4,4,No,2,Yes,Chennai,4
EMP0056,8.8,Hybrid,4,2,2,2,5,Yes,2,No,Pune,5
EMP0057,11.5,Office,5,2,2,2,4,No,1,Yes,Chennai,3
EMP0058,10.6,Home,2,5,3,1,5,No,4,No,Hyderabad,3
EMP0059,8.7,Office,5,3,4,5,3,Yes,1,No,Karnataka,3
EMP0060,10.7,Home,1,3,1,2,3,Yes,2,Yes,Karnataka,5
EMP0061,7.5,Hybrid,5,5,4,2,5,Yes,1,Yes,Pune,1
EMP0062,13,Office,5,4,2,4,4,No,3,No,Delhi,2
EMP0063,7.7,Home,1,4,1,5,5,Yes,4,Yes,Hyderabad,1
EMP0064,8.7,Home,3,3,3,1,3,No,3,Yes,Delhi,5
EMP0065,8.6,Hybrid,1,3,2,2,2,No,4,Yes,Karnataka,3
EMP0066,7.6,Office,2,2,2,4,4,No,1,No,Chennai,4
EMP0067,10.1,Hybrid,1,5,3,3,5,Yes,4,Yes,Pune,4
EMP0068,9.1,Home,1,5,2,1,5,Yes,1,No,Chennai,2
EMP0069,9.4,Home,5,2,1,3,3,No,2,Yes,Karnataka,3
EMP0070,13.1,Hybrid,5,5,2,4,2,Yes,5,No,Delhi,1
EMP0071,8.7,Office,5,5,4,1,3,No,4,No,Chennai,3
EMP0072,10.5,Office,2,4,2,3,3,No,5,Yes,Pune,3
EMP0073,13.2,Home,4,5,5,1,1,Yes,5,No,Pune,1
EMP0074,9.6,Hybrid,4,5,1,4,4,No,4,Yes,Hyderabad,3
EMP0075,9.8,Hybrid,4,5,2,5,1,Yes,2,Yes,Pune,4
EMP0076,8,Hybrid,4,1,3,5,4,No,1,Yes,Delhi,3
EMP0077,10.4,Home,4,4,3,3,4,Yes,3,No,Hyderabad,5
EMP0078,8.9,Hybrid,5,4,3,1,3,No,3,Yes,Hyderabad,3
EMP0079,7.7,Office,5,5,2,4,5,No,1,No,Karnataka,5
EMP0080,8.8,Hybrid,3,4,1,4,2,No,3,No,Chennai,4
EMP0081,13.6,Hybrid,4,2,1,4,5,No,3,No,Delhi,3
EMP0082,9.8,Office,2,1,3,3,5,No,3,Yes,Hyderabad,1
EMP0083,9,Hybrid,4,2,1,2,1,Yes,2,Yes,Pune,1
EMP0084,7.5,Office,5,5,4,1,5,Yes,3,Yes,Pune,3
EMP0085,9.9,Office,4,4,4,3,2,Yes,1,Yes,Hyderabad,4
EMP0086,9.5,Home,1,4,5,5,1,No,3,No,Chennai,3
EMP0087,6.8,Office,4,2,5,4,1,Yes,5,Yes,Chennai,1
EMP0088,10.2,Hybrid,4,4,1,3,5,Yes,3,Yes,Chennai,1
EMP0089,10.7,Hybrid,1,5,5,2,3,No,3,Yes,Delhi,3
EMP0090,9.1,Hybrid,4,1,5,1,2,No,2,No,Chennai,1
EMP0091,7.6,Hybrid,3,5,1,3,4,Yes,1,No,Karnataka,3
EMP0092,7.8,Hybrid,4,2,5,2,1,Yes,5,Yes,Karnataka,4
EMP0093,11.2,Hybrid,1,1,1,1,2,No,1,No,Pune,4
EMP0094,12.7,Home,5,2,3,5,4,No,3,No,Hyderabad,3
EMP0095,9.5,Hybrid,4,3,2,2,3,Yes,5,No,Hyderabad,3
EMP0096,9.3,Home,4,3,3,2,3,Yes,1,No,Hyderabad,1
EMP0097,8.8,Office,5,4,1,4,5,Yes,1,Yes,Hyderabad,5
EMP0098,9.2,Office,4,2,2,3,2,No,2,No,Delhi,5
EMP0099,9.6,Office,2,3,3,1,5,No,4,Yes,Delhi,2
EMP0100,8.1,Office,2,4,1,1,3,No,4,No,Chennai,5
EMP0101,8.5,Hybrid,5,4,2,5,1,No,3,Yes,Hyderabad,5
EMP0102,8.8,Hybrid,4,5,5,1,2,No,1,Yes,Karnataka,1
EMP0103,9.7,Hybrid,3,1,1,1,1,Yes,3,No,Delhi,1
EMP0104,8.9,Hybrid,3,2,4,1,4,No,1,Yes,Hyderabad,2
EMP0105,6.5,Hybrid,3,2,2,2,3,No,4,Yes,Hyderabad,5
EMP0106,6.6,Home,3,1,5,1,5,No,3,No,Delhi,5
EMP0107,14.4,Home,5,1,3,1,2,No,3,Yes,Karnataka,3
EMP0108,5.6,Office,5,2,2,1,4,Yes,2,Yes,Hyderabad,4
EMP0109,11.4,Home,2,2,4,5,5,No,3,No,Chennai,5
EMP0110,10.3,Home,2,5,5,4,2,No,2,Yes,Pune,5
EMP0111,9.7,Hybrid,4,4,3,2,1,No,5,Yes,Pune,5
EMP0112,11.7,Home,2,2,3,2,4,Yes,4,Yes,Pune,4
EMP0113,9.8,Home,3,5,3,3,1,No,4,Yes,Chennai,1
EMP0114,9,Hybrid,3,1,4,1,4,Yes,3,No,Karnataka,4
EMP0115,10,Hybrid,2,2,3,2,1,No,5,No,Delhi,5
EMP0116,8.6,Home,1,3,1,5,2,No,4,No,Karnataka,2
EMP0117,10.2,Home,5,1,1,3,5,No,3,No,Karnataka,2
EMP0118,10.3,Hybrid,4,4,1,1,3,No,1,No,Hyderabad,1
EMP0119,8.2,Office,4,2,4,4,5,No,1,Yes,Delhi,5
EMP0120,10.8,Office,2,1,1,3,4,Yes,4,No,Pune,5
EMP0121,12.7,Hybrid,2,1,4,2,2,Yes,5,No,Hyderabad,3
EMP0122,9.9,Office,5,4,3,3,5,Yes,4,No,Hyderabad,5
EMP0123,6.8,Home,3,4,4,2,3,Yes,5,No,Hyderabad,5
EMP0124,6.8,Office,1,4,5,1,4,No,3,No,Pune,5
EMP0125,6.5,Hybrid,4,2,3,1,2,Yes,4,No,Chennai,3
EMP0126,7.5,Home,4,3,2,1,5,No,3,No,Chennai,4
EMP0127,10.7,Home,3,2,3,2,2,Yes,5,Yes,Chennai,4
EMP0128,8.1,Home,1,3,4,4,5,Yes,3,Yes,Pune,2
EMP0129,8.9,Hybrid,4,1,2,4,1,Yes,1,No,Chennai,3
EMP0130,6.9,Hybrid,2,2,5,4,5,Yes,3,No,Pune,1
EMP0131,10.5,Home,4,1,3,5,1,No,3,No,Chennai,2
EMP0132,10.7,Hybrid,5,5,1,1,1,No,1,Yes,Chennai,1
EMP0133,8.7,Office,3,4,5,4,2,Yes,5,Yes,Karnataka,5
EMP0134,7.9,Hybrid,2,1,3,3,5,Yes,1,No,Pune,5
EMP0135,7.3,Office,1,2,1,3,3,Yes,2,Yes,Chennai,2
EMP0136,8.3,Hybrid,3,3,1,1,4,No,4,Yes,Pune,1
EMP0137,10.4,Hybrid,5,3,3,5,2,Yes,3,No,Pune,5
EMP0138,10,Office,3,1,5,5,4,Yes,3,Yes,Delhi,2
EMP0139,9.5,Home,5,3,3,1,4,No,5,No,Hyderabad,1
EMP0140,8,Home,2,5,3,5,3,Yes,5,No,Delhi,4
EMP0141,7.8,Office,1,5,3,4,1,Yes,2,Yes,Delhi,4
EMP0142,8.9,Hybrid,1,5,2,3,3,Yes,5,No,Hyderabad,3
EMP0143,10.2,Hybrid,1,2,2,1,4,Yes,4,Yes,Delhi,2
EMP0144,11.2,Hybrid,1,5,1,2,4,No,1,No,Karnataka,3
EMP0145,9.4,Office,1,3,3,3,3,Yes,4,Yes,Pune,4
EMP0146,10.9,Office,3,3,4,3,1,No,2,No,Karnataka,4
EMP0147,11.4,Home,5,1,1,4,5,Yes,1,No,Hyderabad,4
EMP0148,8,Hybrid,2,3,3,2,5,Yes,4,No,Chennai,5
EMP0149,8.8,Home,1,3,2,4,2,Yes,5,Yes,Delhi,1
EMP0150,8.9,Home,5,1,2,1,4,No,5,No,Hyderabad,3
EMP0151,10.5,Home,4,5,5,1,3,No,5,Yes,Karnataka,5
EMP0152,9.6,Hybrid,4,5,5,1,2,Yes,5,Yes,Chennai,4
EMP0153,8.6,Hybrid,3,2,2,1,5,Yes,4,No,Hyderabad,3
EMP0154,9,Home,5,4,2,4,4,Yes,1,No,Hyderabad,3
EMP0155,6.7,Home,2,4,3,4,5,No,5,Yes,Karnataka,2
EMP0156,10.6,Office,3,2,4,4,1,No,4,Yes,Hyderabad,5
EMP0157,6.8,Home,5,4,1,3,3,No,5,Yes,Chennai,5
EMP0158,10.3,Office,4,3,3,4,2,Yes,3,Yes,Karnataka,2
EMP0159,14.9,Home,2,1,4,3,2,No,2,Yes,Delhi,2
EMP0160,10,Hybrid,4,1,3,2,2,Yes,5,Yes,Hyderabad,4
EMP0161,7.4,Office,5,2,1,2,2,Yes,4,Yes,Karnataka,5
EMP0162,9.7,Home,2,2,4,4,2,No,3,Yes,Delhi,5
EMP0163,8.9,Office,1,5,2,5,4,Yes,1,No,Hyderabad,4
EMP0164,6.6,Office,2,5,2,1,1,Yes,5,No,Hyderabad,2
EMP0165,11.8,Home,2,5,4,3,4,No,1,Yes,Pune,5
EMP0166,8.1,Office,5,2,3,5,5,No,2,No,Karnataka,3
EMP0167,9.5,Home,4,1,4,4,1,Yes,2,No,Chennai,1
EMP0168,12.5,Office,2,4,3,5,3,Yes,2,Yes,Hyderabad,3
EMP0169,8.7,Home,5,3,1,4,2,No,2,Yes,Chennai,2
EMP0170,8.4,Hybrid,2,4,5,2,5,No,3,Yes,Delhi,5
EMP0171,11.5,Office,3,3,5,1,4,No,4,Yes,Chennai,4
EMP0172,11.6,Hybrid,5,1,5,2,4,No,5,No,Delhi,4
EMP0173,12,Home,2,2,2,4,4,Yes,3,No,Karnataka,2
EMP0174,11.9,Office,1,5,3,2,3,Yes,5,No,Delhi,4
EMP0175,10.8,Office,2,5,3,2,5,No,5,Yes,Hyderabad,5
EMP0176,9.3,Hybrid,2,5,4,5,3,No,4,Yes,Pune,5
EMP0177,10.9,Home,2,5,4,4,2,Yes,4,Yes,Delhi,1
EMP0178,6.8,Home,5,1,3,4,5,Yes,2,Yes,Chennai,4
EMP0179,8.1,Home,4,2,1,1,3,Yes,5,Yes,Pune,3
EMP0180,8.4,Home,5,1,4,4,5,Yes,4,No,Pune,5
EMP0181,7.5,Home,2,2,3,5,4,No,5,Yes,Hyderabad,5
EMP0182,9.2,Hybrid,1,4,3,1,1,No,3,Yes,Hyderabad,4
EMP0183,7.6,Hybrid,1,4,4,1,3,No,1,No,Delhi,2
EMP0184,9.2,Office,1,2,2,5,3,Yes,5,Yes,Hyderabad,2
EMP0185,9.3,Home,3,3,3,4,3,Yes,5,No,Chennai,1
EMP0186,9.1,Home,4,5,5,4,2,Yes,5,No,Karnataka,3
EMP0187,10.8,Office,3,1,4,2,4,Yes,2,No,Delhi,5
EMP0188,12.1,Hybrid,1,5,1,5,3,No,1,Yes,Pune,2
EMP0189,9.8,Home,4,2,3,3,1,No,3,Yes,Chennai,5
EMP0190,10.5,Office,5,2,5,5,3,Yes,3,Yes,Pune,4
EMP0191,11.6,Hybrid,4,2,3,5,3,No,2,Yes,Pune,4
EMP0192,9.8,Home,3,4,4,4,3,No,5,No,Pune,2
EMP0193,6.9,Office,3,3,3,5,2,No,2,Yes,Chennai,1
EMP0194,9.2,Home,1,2,2,4,3,Yes,2,Yes,Hyderabad,3
EMP0195,9.3,Hybrid,2,2,2,1,2,No,4,Yes,Pune,1
EMP0196,10.9,Hybrid,5,3,3,4,3,Yes,2,Yes,Karnataka,4
EMP0197,7.1,Office,4,1,3,2,5,Yes,3,Yes,Hyderabad,3
EMP0198,8.6,Home,5,4,1,5,3,No,4,Yes,Delhi,1
EMP0199,7,Office,3,4,5,3,4,Yes,2,No,Pune,2
EMP0200,9.2,Home,1,2,3,1,4,No,5,No,Chennai,1
EMP0201,8.1,Office,4,1,4,2,4,Yes,4,No,Karnataka,4
EMP0202,8.1,Home,4,5,4,1,1,No,3,Yes,Pune,1
EMP0203,9.1,Hybrid,2,4,3,5,1,No,4,Yes,Hyderabad,2
EMP0204,15.2,Home,5,3,2,2,2,Yes,3,Yes,Delhi,5
EMP0205,8,Office,5,1,5,5,2,No,4,Yes,Hyderabad,3
EMP0206,7.8,Office,3,4,5,1,2,No,4,No,Chennai,5
EMP0207,8.5,Office,3,4,4,2,2,No,2,No,Karnataka,5
EMP0208,8.3,Hybrid,2,2,2,2,3,Yes,3,No,Hyderabad,1
EMP0209,7.8,Home,5,5,3,5,3,Yes,3,No,Karnataka,3
EMP0210,5,Home,2,1,2,4,1,No,1,No,Pune,1
EMP0211,10,Home,2,3,2,3,2,Yes,5,Yes,Karnataka,2
EMP0212,7.9,Office,4,3,1,1,3,Yes,3,Yes,Hyderabad,5
EMP0213,9.4,Office,2,2,1,5,4,Yes,1,No,Karnataka,2
EMP0214,9.3,Home,1,1,4,3,4,No,3,Yes,Karnataka,2
EMP0215,9.7,Office,1,2,5,5,1,Yes,1,No,Chennai,4
EMP0216,5.3,Hybrid,5,1,1,1,5,No,5,Yes,Delhi,3
EMP0217,8.6,Office,5,4,4,1,3,No,5,No,Chennai,5
EMP0218,10.4,Home,5,4,1,2,1,No,5,No,Chennai,2
EMP0219,12.5,Home,3,4,5,2,5,Yes,4,No,Chennai,5
EMP0220,6.6,Hybrid,1,3,5,3,1,No,5,Yes,Delhi,3
EMP0221,12.5,Office,2,1,2,4,4,No,5,No,Hyderabad,5
EMP0222,9.9,Hybrid,2,5,4,5,2,No,3,No,Pune,1
EMP0223,11.3,Hybrid,4,5,1,1,4,No,3,Yes,Pune,3
EMP0224,7.4,Home,3,2,5,1,5,Yes,2,No,Pune,2
EMP0225,9.4,Office,2,4,1,1,4,Yes,5,No,Pune,5
EMP0226,8.5,Home,1,4,5,4,5,Yes,1,No,Karnataka,2
EMP0227,8.3,Hybrid,3,3,5,3,5,No,1,No,Hyderabad,5
EMP0228,7.2,Home,4,1,5,1,5,No,5,No,Delhi,4
EMP0229,10.4,Office,2,3,5,1,2,No,2,No,Karnataka,4
EMP0230,16,Office,3,4,3,4,3,Yes,2,No,Chennai,1
EMP0231,9.1,Office,2,5,2,4,4,Yes,2,No,Pune,4
EMP0232,10.2,Home,4,5,3,2,5,Yes,5,Yes,Pune,3
EMP0233,15,Office,5,2,3,3,4,No,1,Yes,Delhi,5
EMP0234,8.5,Hybrid,1,2,4,1,1,No,1,No,Pune,3
EMP0235,12.2,Home,4,4,1,4,3,No,3,Yes,Karnataka,3
EMP0236,9.4,Home,4,4,2,2,2,No,2,Yes,Delhi,4
EMP0237,10.5,Office,3,3,5,5,2,Yes,4,No,Pune,5
EMP0238,10.9,Home,5,1,2,4,5,Yes,1,Yes,Hyderabad,4
EMP0239,6.4,Home,5,1,4,5,5,Yes,3,No,Chennai,1
EMP0240,5.1,Hybrid,3,2,3,3,5,No,2,No,Delhi,1
EMP0241,10.2,Home,1,4,5,2,1,No,3,Yes,Karnataka,1
EMP0242,11.3,Office,3,5,4,1,1,Yes,1,No,Pune,3
EMP0243,7.2,Hybrid,5,1,4,5,5,No,4,Yes,Delhi,2
EMP0244,10.3,Home,3,2,3,1,5,No,5,Yes,Chennai,5
EMP0245,10,Office,1,5,5,2,5,No,2,No,Karnataka,5
EMP0246,8.7,Office,1,4,4,3,5,No,2,Yes,Hyderabad,3
EMP0247,9.3,Hybrid,2,5,1,4,5,No,3,Yes,Karnataka,5
EMP0248,7.6,Hybrid,4,4,3,2,1,No,5,No,Hyderabad,3
EMP0249,10.3,Hybrid,4,5,4,3,1,Yes,3,Yes,Delhi,5
EMP0250,9.9,Home,2,5,4,3,5,Yes,5,Yes,Pune,5
EMP0251,8.6,Hybrid,2,3,1,2,2,No,3,Yes,Hyderabad,1
EMP0252,12,Home,1,1,2,2,2,No,1,Yes,Hyderabad,2
EMP0253,11.7,Hybrid,5,4,5,1,1,No,2,Yes,Hyderabad,4
EMP0254,8.6,Hybrid,3,5,3,4,2,Yes,3,Yes,Chennai,4
EMP0255,9.9,Home,5,5,3,2,2,No,2,No,Pune,2
EMP0256,8,Hybrid,4,2,3,4,1,Yes,3,Yes,Hyderabad,5
EMP0257,5,Home,3,3,1,3,5,Yes,1,No,Delhi,1
EMP0258,8.8,Home,4,1,5,1,5,No,1,Yes,Karnataka,3
EMP0259,7.3,Office,4,4,2,3,2,Yes,5,No,Pune,3
EMP0260,7.9,Office,5,1,1,2,3,Yes,4,Yes,Hyderabad,5
EMP0261,7.1,Home,4,3,1,4,3,Yes,5,No,Pune,3
EMP0262,10.3,Hybrid,4,3,3,5,5,No,2,No,Chennai,4
EMP0263,7.4,Home,2,4,3,4,4,No,4,Yes,Karnataka,4
EMP0264,10.8,Office,1,2,1,1,2,Yes,1,Yes,Karnataka,4
EMP0265,13.3,Home,1,3,5,1,1,Yes,5,No,Karnataka,4
EMP0266,7.8,Home,5,4,3,5,3,No,4,No,Pune,5
EMP0267,9.7,Hybrid,3,2,2,2,5,No,5,No,Delhi,3
EMP0268,6.5,Office,1,4,2,3,5,No,1,No,Pune,5
EMP0269,10.2,Office,5,3,1,4,3,No,4,No,Delhi,2
EMP0270,9.8,Home,3,5,5,4,2,No,1,Yes,Chennai,5
EMP0271,9.6,Home,3,5,3,5,3,No,3,No,Delhi,3
EMP0272,7,Home,1,1,2,2,1,No,1,Yes,Chennai,2
EMP0273,9.4,Office,5,2,5,3,1,No,3,Yes,Chennai,5
EMP0274,8.6,Office,4,2,4,4,5,No,5,No,Karnataka,5
EMP0275,6.1,Office,5,3,3,2,3,Yes,3,Yes,Pune,3
EMP0276,11.1,Hybrid,2,5,1,1,5,No,3,Yes,Hyderabad,5
EMP0277,12.1,Hybrid,1,1,4,5,1,No,4,No,Karnataka,2
EMP0278,8.1,Home,3,1,4,2,1,Yes,1,Yes,Chennai,5
EMP0279,10.3,Home,5,2,5,2,2,No,5,No,Chennai,2
EMP0280,11.3,Office,5,2,2,2,3,No,5,No,Pune,4
EMP0281,8.4,Office,3,5,4,5,2,Yes,5,No,Hyderabad,1
EMP0282,9.2,Home,3,1,1,1,4,No,3,No,Pune,2
EMP0283,8.2,Home,4,1,3,5,1,Yes,4,No,Pune,5
EMP0284,9.3,Office,4,1,2,5,2,No,4,No,Chennai,5
EMP0285,12.5,Hybrid,2,5,3,3,2,Yes,2,No,Chennai,5
EMP0286,8.6,Home,5,3,2,3,2,No,4,No,Karnataka,5
EMP0287,11.2,Hybrid,3,3,2,2,3,Yes,3,No,Chennai,1
EMP0288,9.1,Home,5,4,3,1,1,Yes,5,No,Karnataka,2
EMP0289,9.7,Hybrid,4,5,4,3,4,Yes,3,No,Chennai,4
EMP0290,7.1,Hybrid,4,1,1,1,4,No,1,Yes,Chennai,4
EMP0291,10.2,Hybrid,3,4,2,5,1,No,3,No,Karnataka,1
EMP0292,9.3,Office,5,5,3,1,3,Yes,4,No,Hyderabad,3
EMP0293,8.3,Office,1,3,3,1,4,No,5,No,Karnataka,3
EMP0294,7.6,Home,3,4,4,3,3,Yes,2,No,Karnataka,4
EMP0295,7.8,Office,5,3,2,2,3,No,1,Yes,Pune,3
EMP0296,7.6,Hybrid,1,1,2,5,4,Yes,1,No,Pune,1
EMP0297,6.3,Hybrid,1,2,5,5,3,No,1,Yes,Hyderabad,3
EMP0298,9.4,Hybrid,1,1,1,3,1,No,5,No,Karnataka,1
EMP0299,9.5,Office,5,4,2,3,3,No,1,Yes,Delhi,4
EMP0300,11.5,Home,4,5,4,4,3,Yes,1,No,Chennai,2
EMP0301,9.1,Home,2,2,1,4,3,No,4,Yes,Karnataka,3
EMP0302,7.6,Home,1,5,2,2,5,No,2,No,Hyderabad,2
EMP0303,8,Office,4,3,3,5,3,No,2,No,Hyderabad,4
EMP0304,13.4,Hybrid,4,3,2,3,2,No,4,Yes,Hyderabad,2
EMP0305,10.7,Hybrid,2,1,1,2,1,Yes,4,Yes,Karnataka,1
EMP0306,8,Office,4,3,4,1,2,Yes,1,Yes,Chennai,4
EMP0307,8.2,Home,3,4,3,4,1,Yes,5,No,Delhi,5
EMP0308,9.7,Office,1,1,3,3,2,No,5,No,Chennai,5
EMP0309,6.8,Office,3,1,1,1,3,Yes,2,Yes,Chennai,1
EMP0310,7.6,Office,1,3,4,2,1,No,5,Yes,Pune,4
EMP0311,8.8,Hybrid,5,2,5,4,3,Yes,4,No,Chennai,2
EMP0312,6.7,Office,4,3,1,3,5,Yes,2,No,Hyderabad,4
EMP0313,11.2,Office,4,4,3,4,1,Yes,2,No,Pune,5
EMP0314,10.7,Home,4,3,1,2,3,Yes,2,No,Pune,1
EMP0315,9.8,Hybrid,2,4,2,4,4,No,5,No,Chennai,5
EMP0316,10,Home,2,5,5,3,1,Yes,2,No,Delhi,1
EMP0317,9,Office,1,2,2,4,3,Yes,4,Yes,Chennai,2
EMP0318,11.8,Office,2,4,3,5,4,Yes,5,Yes,Delhi,5
EMP0319,7.8,Hybrid,2,5,3,2,3,No,5,Yes,Chennai,2
EMP0320,8.3,Office,1,1,4,4,5,Yes,4,Yes,Delhi,5
EMP0321,9,Office,1,4,4,5,2,No,2,No,Chennai,4
EMP0322,11.1,Home,5,1,3,5,3,Yes,4,Yes,Pune,5
EMP0323,11.1,Office,5,2,2,5,3,No,1,Yes,Pune,3
EMP0324,9,Home,3,3,5,5,5,No,2,No,Pune,5
EMP0325,7,Hybrid,2,3,1,3,4,No,1,Yes,Karnataka,5
EMP0326,7.6,Home,5,3,2,5,3,No,4,No,Delhi,3
EMP0327,9.6,Home,2,3,2,2,3,Yes,2,Yes,Chennai,5
EMP0328,9.7,Office,3,4,5,4,1,No,3,No,Pune,2
EMP0329,9.2,Office,1,3,4,4,3,Yes,2,Yes,Karnataka,2
EMP0330,7.2,Home,4,4,3,5,3,No,5,Yes,Chennai,3
EMP0331,7.9,Home,3,3,3,1,1,Yes,3,Yes,Hyderabad,4
EMP0332,9.4,Hybrid,1,5,3,5,2,No,3,No,Chennai,4
EMP0333,9.9,Home,5,2,2,5,1,No,5,Yes,Chennai,4
EMP0334,8.5,Home,1,3,1,5,1,No,1,No,Pune,2
EMP0335,8,Hybrid,1,4,5,2,1,Yes,1,Yes,Chennai,4
EMP0336,9.9,Office,5,5,3,1,1,Yes,2,Yes,Delhi,1
EMP0337,10.8,Office,3,5,3,1,2,Yes,4,No,Chennai,5
EMP0338,8.5,Hybrid,4,1,4,5,4,Yes,3,No,Karnataka,2
EMP0339,9.4,Home,1,2,5,1,2,No,2,No,Delhi,5
EMP0340,9.1,Office,2,4,1,5,4,Yes,5,No,Karnataka,5
EMP0341,6.7,Office,2,5,5,2,1,No,1,No,Hyderabad,5
EMP0342,6.9,Hybrid,3,5,2,4,2,Yes,1,Yes,Karnataka,2
EMP0343,9.1,Hybrid,5,1,1,2,4,Yes,4,No,Hyderabad,4
EMP0344,9.9,Home,4,4,2,4,5,No,4,Yes,Pune,1
EMP0345,7.2,Office,1,4,2,4,5,Yes,3,Yes,Hyderabad,5
EMP0346,9.4,Home,3,5,3,3,5,No,1,No,Karnataka,2
EMP0347,8.9,Home,3,3,1,1,2,Yes,4,Yes,Hyderabad,4
EMP0348,10.1,Hybrid,5,2,5,1,3,No,3,No,Karnataka,5
EMP0349,6.2,Home,2,5,1,1,1,No,4,Yes,Hyderabad,3
EMP0350,10,Hybrid,1,2,4,4,2,Yes,4,Yes,Chennai,4
EMP0351,6.8,Home,5,3,2,4,5,No,5,No,Chennai,3
EMP0352,7.1,Home,1,2,1,4,1,Yes,1,No,Chennai,4
EMP0353,10.6,Home,2,1,3,3,2,No,1,Yes,Chennai,2
EMP0354,7.7,Home,5,5,3,3,2,Yes,1,Yes,Hyderabad,4
EMP0355,9.7,Home,3,5,4,2,5,No,3,No,Chennai,2
EMP0356,8.4,Office,3,2,3,1,4,No,1,Yes,Pune,4
EMP0357,12.4,Home,2,5,3,2,4,Yes,5,No,Hyderabad,4
EMP0358,12.4,Office,3,2,5,4,4,Yes,1,No,Karnataka,5
EMP0359,9.5,Office,2,4,3,5,4,Yes,2,Yes,Hyderabad,3
EMP0360,8.8,Office,5,5,4,2,5,No,3,No,Karnataka,3
EMP0361,10.8,Office,5,1,5,5,4,Yes,2,No,Karnataka,4
EMP0362,8.5,Office,5,2,5,4,2,Yes,1,No,Pune,4
EMP0363,8.6,Hybrid,4,2,5,3,2,Yes,5,Yes,Hyderabad,4
EMP0364,10,Office,3,1,5,4,5,Yes,4,Yes,Pune,3
EMP0365,8.6,Office,3,5,4,3,3,No,5,No,Chennai,2
EMP0366,15,Office,1,3,1,2,2,No,3,Yes,Chennai,4
EMP0367,7.7,Hybrid,3,3,1,3,1,No,5,No,Karnataka,5
EMP0368,7.1,Office,3,3,3,2,2,No,4,No,Hyderabad,4
EMP0369,8.2,Office,3,3,1,5,3,Yes,5,No,Pune,3
EMP0370,10.6,Home,1,5,4,2,3,Yes,4,Yes,Karnataka,5
EMP0371,6.6,Hybrid,5,4,1,4,2,No,2,No,Hyderabad,5
EMP0372,9.8,Hybrid,2,4,3,3,3,Yes,2,Yes,Karnataka,1
EMP0373,9.7,Office,2,4,2,1,3,No,4,Yes,Delhi,3
EMP0374,7.2,Office,4,1,3,5,4,Yes,5,No,Pune,1
EMP0375,9.3,Office,1,2,1,4,2,Yes,3,Yes,Karnataka,1
EMP0376,6.5,Office,5,2,5,4,1,No,2,Yes,Hyderabad,2
EMP0377,10.1,Office,1,1,5,4,3,No,1,Yes,Hyderabad,3
EMP0378,8.1,Office,3,3,4,2,1,No,4,No,Chennai,3
EMP0379,8.7,Hybrid,1,4,2,1,2,No,3,No,Pune,2
EMP0380,9.4,Hybrid,2,1,3,4,3,Yes,3,No,Karnataka,3
EMP0381,9.4,Hybrid,4,1,1,4,5,Yes,4,Yes,Hyderabad,4
EMP0382,7.4,Office,1,5,4,3,5,No,3,No,Hyderabad,3
EMP0383,10.4,Home,3,4,5,4,5,Yes,1,Yes,Chennai,2
EMP0384,9.8,Office,3,2,2,4,3,Yes,1,Yes,Pune,2
EMP0385,10.3,Office,1,2,5,4,5,No,2,Yes,Karnataka,1
EMP0386,9.3,Office,3,5,5,4,1,Yes,2,Yes,Pune,1
EMP0387,6.3,Home,4,3,4,5,5,No,5,Yes,Hyderabad,5
EMP0388,8.6,Office,3,3,4,1,1,Yes,3,No,Delhi,1
EMP0389,6.6,Home,5,2,5,4,5,Yes,2,No,Hyderabad,5
EMP0390,7.1,Home,5,1,4,1,4,No,1,No,Delhi,2
EMP0391,8,Office,1,1,5,1,3,No,1,Yes,Pune,5
EMP0392,8.8,Hybrid,2,2,2,1,4,Yes,1,Yes,Hyderabad,5
EMP0393,10.1,Hybrid,5,2,5,1,1,Yes,2,No,Pune,1
EMP0394,9.9,Office,1,4,1,5,3,Yes,3,Yes,Delhi,3
EMP0395,14.4,Office,4,2,5,4,3,No,4,Yes,Hyderabad,4
EMP0396,7.8,Home,2,1,2,2,1,No,4,No,Hyderabad,5
EMP0397,6.6,Hybrid,5,3,1,2,5,Yes,4,Yes,Karnataka,2
EMP0398,9.1,Hybrid,5,5,3,5,5,Yes,1,Yes,Pune,4
EMP0399,7.5,Home,2,5,5,5,2,Yes,1,Yes,Pune,5
EMP0400,8.4,Office,4,2,1,2,5,No,1,No,Pune,2
EMP0401,8.6,Home,1,5,1,1,2,Yes,5,No,Delhi,2
EMP0402,7,Home,5,4,3,3,3,No,5,No,Delhi,4
EMP0403,9.7,Office,2,4,2,4,2,No,2,No,Chennai,1
EMP0404,10.8,Office,3,1,1,5,1,Yes,2,Yes,Hyderabad,1
EMP0405,8.2,Hybrid,5,4,4,4,4,No,2,No,Pune,3
EMP0406,10.4,Home,5,5,3,5,2,Yes,1,Yes,Delhi,5
EMP0407,8.6,Office,2,4,2,3,2,Yes,4,No,Pune,3
EMP0408,10.4,Hybrid,5,5,5,3,2,Yes,5,No,Karnataka,3
EMP0409,8.7,Hybrid,1,5,4,3,4,Yes,1,Yes,Hyderabad,4
EMP0410,9.3,Hybrid,1,5,5,1,1,Yes,3,Yes,Karnataka,3
EMP0411,9.2,Hybrid,5,4,3,4,2,No,4,Yes,Hyderabad,2
EMP0412,10.2,Home,2,3,5,2,1,Yes,4,No,Chennai,4
EMP0413,10.1,Hybrid,4,5,3,4,5,No,3,Yes,Hyderabad,1
EMP0414,14.6,Home,2,3,3,1,2,No,2,Yes,Delhi,1
EMP0415,8.7,Home,2,3,4,2,2,No,3,No,Pune,4
EMP0416,6.9,Home,1,1,3,2,1,Yes,3,Yes,Hyderabad,2
EMP0417,8.9,Office,3,1,3,1,2,Yes,1,No,Chennai,1
EMP0418,7.6,Hybrid,5,2,5,5,4,No,2,Yes,Pune,5
EMP0419,7.2,Office,4,1,4,3,4,No,2,No,Chennai,5
EMP0420,7.7,Hybrid,2,2,1,1,5,No,1,Yes,Delhi,1
EMP0421,13.3,Home,5,4,5,4,1,Yes,2,No,Chennai,5
EMP0422,7.5,Home,3,3,3,1,5,Yes,4,No,Pune,1
EMP0423,6.6,Home,2,2,1,4,1,Yes,4,No,Delhi,3
EMP0424,10.6,Hybrid,5,5,2,1,3,No,1,Yes,Karnataka,2
EMP0425,6.7,Home,4,5,1,2,3,No,1,Yes,Pune,2
EMP0426,7.8,Home,2,3,3,1,5,Yes,5,No,Hyderabad,1
EMP0427,8,Hybrid,3,1,5,5,3,No,1,No,Karnataka,5
EMP0428,9.3,Home,2,2,2,4,3,Yes,3,Yes,Pune,2
EMP0429,10,Hybrid,3,4,2,5,1,Yes,2,No,Pune,3
EMP0430,10.2,Home,5,4,2,5,5,No,1,No,Delhi,4
EMP0431,8.5,Office,3,3,2,2,5,Yes,1,Yes,Chennai,4
EMP0432,9.6,Office,3,5,3,1,4,Yes,5,No,Karnataka,2
EMP0433,9.5,Home,1,1,2,4,4,Yes,2,Yes,Pune,1
EMP0434,9,Hybrid,3,4,5,4,5,Yes,1,Yes,Chennai,4
EMP0435,7.2,Home,2,2,4,2,3,No,1,Yes,Karnataka,3
EMP0436,10.5,Home,5,4,1,4,1,No,5,Yes,Karnataka,5
EMP0437,8.1,Home,1,2,4,1,2,No,3,No,Hyderabad,3
EMP0438,7.5,Home,5,4,5,2,5,No,3,Yes,Pune,5
EMP0439,11.9,Hybrid,2,5,3,1,1,No,3,No,Pune,3
EMP0440,6.6,Hybrid,2,2,4,4,2,No,3,No,Hyderabad,1
EMP0441,14.5,Home,4,1,2,1,5,No,2,Yes,Chennai,1
EMP0442,11,Home,2,1,1,4,5,No,5,No,Pune,1
EMP0443,10.5,Hybrid,5,4,3,3,1,No,2,Yes,Pune,1
EMP0444,8,Office,3,2,2,5,3,No,2,No,Pune,3
EMP0445,8.2,Office,4,4,5,3,4,Yes,5,No,Delhi,3
EMP0446,8.6,Hybrid,4,4,3,3,4,No,5,Yes,Karnataka,4
EMP0447,9.4,Home,4,1,5,5,1,No,1,Yes,Pune,3
EMP0448,9.1,Office,2,2,3,4,4,No,3,Yes,Delhi,1
EMP0449,9.2,Hybrid,4,5,2,1,2,Yes,4,No,Pune,5
EMP0450,9.5,Home,2,4,2,2,4,No,3,Yes,Pune,5
EMP0451,7,Hybrid,3,5,3,4,1,No,2,Yes,Delhi,3
EMP0452,10.2,Home,4,2,4,5,1,Yes,2,Yes,Delhi,1
EMP0453,12.2,Home,2,1,5,1,4,No,3,Yes,Karnataka,2
EMP0454,9.7,Home,3,2,2,3,5,Yes,4,No,Hyderabad,3
EMP0455,9.7,Home,5,4,3,5,4,Yes,2,No,Karnataka,4
EMP0456,12.7,Hybrid,4,4,5,4,1,No,1,Yes,Delhi,5
EMP0457,7.3,Home,2,1,2,4,1,No,2,No,Pune,1
EMP0458,10.8,Home,2,2,5,5,3,No,2,No,Karnataka,4
EMP0459,10.5,Hybrid,1,3,2,5,1,Yes,3,Yes,Karnataka,5
EMP0460,9.6,Hybrid,3,4,3,2,5,Yes,3,Yes,Karnataka,4
EMP0461,11.3,Home,5,2,5,1,1,No,1,No,Karnataka,4
EMP0462,8.3,Hybrid,3,3,1,2,1,Yes,3,Yes,Chennai,1
EMP0463,8.5,Office,5,3,1,1,3,Yes,1,No,Karnataka,3
EMP0464,8.2,Home,1,4,4,3,1,No,4,Yes,Karnataka,4
EMP0465,7.5,Office,2,1,2,3,5,No,4,Yes,Karnataka,1
EMP0466,9.2,Hybrid,2,4,1,3,2,No,1,No,Karnataka,2
EMP0467,5.6,Home,4,1,1,4,3,Yes,2,No,Delhi,4
EMP0468,7.5,Home,5,5,4,5,2,No,5,No,Delhi,1
EMP0469,8.5,Home,3,1,5,5,2,Yes,1,No,Delhi,2
EMP0470,7.5,Home,4,1,1,1,2,No,5,Yes,Hyderabad,1
EMP0471,9.2,Hybrid,5,3,5,4,3,No,5,No,Pune,3
EMP0472,7.6,Office,5,5,1,5,1,No,2,No,Delhi,5
EMP0473,7.8,Office,4,2,2,1,1,Yes,3,Yes,Chennai,5
EMP0474,6.4,Home,1,3,3,1,3,No,2,Yes,Hyderabad,2
EMP0475,6.7,Office,1,2,5,2,5,Yes,1,Yes,Delhi,4
EMP0476,6.1,Office,5,2,2,3,5,No,2,No,Chennai,5
EMP0477,8,Hybrid,2,5,1,5,1,No,4,No,Hyderabad,5
EMP0478,13.1,Home,4,3,5,4,4,Yes,2,No,Karnataka,4
EMP0479,11.4,Office,1,3,1,2,3,No,3,Yes,Hyderabad,4
EMP0480,8.6,Hybrid,2,3,5,1,3,Yes,4,No,Hyderabad,5
EMP0481,8.1,Hybrid,3,2,1,4,5,No,3,Yes,Chennai,1
EMP0482,7.6,Office,3,4,5,2,2,No,5,No,Karnataka,3
EMP0483,9.8,Office,1,2,4,2,3,Yes,3,Yes,Chennai,4
EMP0484,7.6,Home,5,5,3,4,3,No,2,Yes,Delhi,3
EMP0485,10,Office,2,4,4,3,5,Yes,1,Yes,Pune,3
EMP0486,9.4,Office,4,5,3,3,3,Yes,5,No,Karnataka,3
EMP0487,10.9,Office,5,3,3,2,5,No,2,Yes,Delhi,4
EMP0488,8.5,Home,1,1,4,1,5,No,2,No,Pune,3
EMP0489,7.9,Hybrid,4,5,3,5,5,Yes,2,No,Chennai,5
EMP0490,9.1,Office,3,2,4,3,2,Yes,5,Yes,Karnataka,3
EMP0491,9.6,Hybrid,2,1,4,3,3,Yes,2,No,Delhi,4
EMP0492,8.5,Home,3,2,4,4,2,No,5,No,Hyderabad,4
EMP0493,10.2,Home,5,5,3,3,4,No,1,Yes,Karnataka,4
EMP0494,7.2,Office,5,2,3,4,2,No,1,No,Karnataka,4
EMP0495,10.6,Hybrid,5,5,3,4,3,No,4,Yes,Pune,5
EMP0496,8.4,Home,4,1,4,2,2,No,2,No,Pune,4
EMP0497,10.2,Hybrid,4,5,1,2,5,No,1,No,Karnataka,4
EMP0498,8.9,Hybrid,4,1,4,1,2,Yes,2,Yes,Delhi,3
EMP0499,11.4,Office,2,2,2,4,3,No,3,Yes,Chennai,4
EMP0500,9.5,Home,5,2,3,3,3,Yes,4,No,Pune,3
EMP0501,14,Office,1,3,4,3,5,No,2,Yes,Karnataka,1
EMP0502,10.6,Office,3,3,3,1,3,No,1,Yes,Delhi,1
EMP0503,9.9,Hybrid,4,3,3,1,5,Yes,2,Yes,Hyderabad,1
EMP0504,9.3,Office,3,5,1,3,4,No,2,Yes,Delhi,5
EMP0505,10.2,Home,5,2,5,3,2,No,1,No,Pune,1
EMP0506,7.6,Office,4,2,4,2,3,Yes,4,No,Chennai,4
EMP0507,7.3,Office,1,3,4,3,4,Yes,5,No,Chennai,1
EMP0508,11.7,Office,5,3,5,5,2,Yes,5,Yes,Karnataka,1
EMP0509,10.9,Office,4,1,1,5,4,Yes,2,No,Pune,2
EMP0510,11,Hybrid,2,3,5,2,1,No,1,Yes,Hyderabad,1
EMP0511,9.7,Hybrid,4,1,1,1,3,Yes,4,No,Karnataka,1
EMP0512,7.3,Office,5,1,4,5,2,No,1,No,Pune,5
EMP0513,9.2,Home,5,5,2,5,1,Yes,3,Yes,Delhi,1
EMP0514,6.1,Hybrid,1,4,5,2,1,Yes,1,Yes,Karnataka,2
EMP0515,7.6,Hybrid,5,1,4,1,2,Yes,4,Yes,Karnataka,5
EMP0516,6.2,Home,4,2,1,2,4,No,5,Yes,Hyderabad,2
EMP0517,11.5,Hybrid,5,1,5,5,1,No,5,Yes,Chennai,2
EMP0518,8.8,Hybrid,5,2,3,1,2,No,5,No,Karnataka,5
EMP0519,7.8,Office,1,3,2,4,2,Yes,1,Yes,Pune,4
EMP0520,9.3,Hybrid,1,4,5,2,2,Yes,5,No,Karnataka,4
EMP0521,9.6,Hybrid,1,3,4,3,5,Yes,2,Yes,Pune,3
EMP0522,11,Office,1,2,3,5,4,No,2,Yes,Karnataka,4
EMP0523,9.5,Home,4,1,4,2,1,Yes,4,Yes,Chennai,4
EMP0524,9.5,Home,1,1,4,2,1,No,5,No,Karnataka,3
EMP0525,9.7,Office,5,1,1,1,4,No,5,Yes,Delhi,5
EMP0526,7.1,Office,4,2,5,1,2,Yes,2,No,Pune,4
EMP0527,9.3,Home,3,1,2,5,1,Yes,2,Yes,Chennai,5
EMP0528,10.7,Home,2,1,5,2,1,Yes,1,Yes,Pune,1
EMP0529,11.2,Hybrid,1,2,2,2,2,Yes,2,No,Hyderabad,4
EMP0530,8,Hybrid,4,2,5,5,5,Yes,3,Yes,Karnataka,3
EMP0531,7.7,Home,3,3,2,3,1,No,3,No,Pune,1
EMP0532,9.8,Home,4,2,4,4,4,Yes,5,No,Hyderabad,1
EMP0533,14.6,Office,1,4,4,3,2,Yes,3,Yes,Karnataka,2
EMP0534,6.6,Office,4,4,4,2,2,Yes,2,Yes,Chennai,5
EMP0535,11.7,Home,5,5,5,5,4,Yes,5,Yes,Karnataka,1
EMP0536,6.9,Hybrid,1,2,1,1,5,Yes,3,Yes,Pune,2
EMP0537,10.8,Office,2,2,4,1,5,No,4,Yes,Chennai,2
EMP0538,10.5,Hybrid,4,4,5,4,1,Yes,3,Yes,Delhi,3
EMP0539,8.3,Office,4,2,5,3,5,Yes,5,No,Chennai,4
EMP0540,6.3,Home,2,5,2,3,1,Yes,1,Yes,Pune,3
EMP0541,7.3,Home,5,5,4,4,3,Yes,3,No,Delhi,2
EMP0542,10,Office,2,2,4,1,5,Yes,3,No,Pune,3
EMP0543,9.6,Hybrid,4,2,1,4,3,No,5,No,Pune,5
EMP0544,12.2,Hybrid,2,4,3,1,2,No,2,No,Delhi,5
EMP0545,14.7,Home,4,2,5,1,5,Yes,5,Yes,Hyderabad,4
EMP0546,8.4,Hybrid,5,5,3,5,3,No,2,Yes,Hyderabad,1
EMP0547,11,Home,4,5,1,3,4,No,4,Yes,Karnataka,2
EMP0548,8.7,Office,3,3,4,1,4,No,2,No,Delhi,3
EMP0549,9.2,Office,3,4,2,4,4,Yes,4,No,Karnataka,4
EMP0550,9.9,Office,5,2,5,1,3,Yes,2,Yes,Hyderabad,3
EMP0551,14,Home,1,5,4,5,3,No,4,No,Hyderabad,3
EMP0552,9.7,Home,1,5,5,1,5,Yes,5,No,Delhi,1
EMP0553,8.1,Home,5,3,2,4,5,No,4,Yes,Chennai,1
EMP0554,9.5,Office,2,4,5,3,3,No,5,Yes,Delhi,1
EMP0555,9.5,Office,1,4,2,2,1,Yes,5,No,Pune,2
EMP0556,8.7,Home,3,4,1,4,4,Yes,4,No,Pune,4
EMP0557,10.9,Home,1,4,5,1,3,No,3,Yes,Hyderabad,1
EMP0558,8.6,Hybrid,2,2,2,3,5,No,2,Yes,Delhi,3
EMP0559,6.6,Home,2,5,2,3,1,Yes,3,No,Pune,1
EMP0560,8.9,Home,4,2,2,2,1,No,1,Yes,Hyderabad,2
EMP0561,8.1,Home,5,3,3,1,5,Yes,2,Yes,Pune,3
EMP0562,8.4,Home,5,5,1,1,4,No,1,Yes,Karnataka,5
EMP0563,10,Hybrid,2,1,3,2,1,No,4,No,Delhi,1
EMP0564,8.3,Home,2,5,4,5,5,Yes,5,No,Hyderabad,5
EMP0565,8,Home,2,3,2,4,1,No,4,No,Delhi,5
EMP0566,9.3,Home,5,3,4,2,5,No,2,Yes,Karnataka,2
EMP0567,7.1,Hybrid,1,2,3,3,1,Yes,2,No,Delhi,4
EMP0568,7.8,Home,5,4,1,1,2,No,5,Yes,Delhi,4
EMP0569,8.1,Hybrid,2,4,5,5,4,No,3,No,Hyderabad,1
EMP0570,10.6,Office,3,2,5,2,1,Yes,4,Yes,Chennai,2
EMP0571,7.9,Hybrid,3,3,1,4,3,No,1,Yes,Chennai,1
EMP0572,12.3,Office,5,4,5,3,3,Yes,3,Yes,Delhi,3
EMP0573,9.6,Hybrid,4,3,3,3,5,Yes,3,No,Karnataka,1
EMP0574,15.9,Home,5,4,5,2,1,No,4,Yes,Karnataka,4
EMP0575,7.6,Office,2,5,3,1,4,Yes,4,Yes,Delhi,2
EMP0576,8.8,Home,5,1,5,5,3,No,1,No,Chennai,1
EMP0577,7.6,Home,5,2,5,4,3,Yes,1,No,Pune,1
EMP0578,9.4,Home,5,4,5,3,2,No,1,No,Chennai,1
EMP0579,9.2,Home,3,4,1,2,3,No,3,No,Chennai,4
EMP0580,8,Office,5,1,3,4,5,Yes,1,Yes,Karnataka,1
EMP0581,7.1,Hybrid,3,2,2,5,1,Yes,3,Yes,Chennai,5
EMP0582,10.7,Hybrid,1,5,3,4,3,Yes,1,Yes,Hyderabad,3
EMP0583,8.5,Home,1,1,3,5,3,No,4,No,Pune,3
EMP0584,5,Office,2,2,3,2,5,Yes,4,Yes,Chennai,5
EMP0585,7.8,Hybrid,1,3,2,4,3,Yes,4,No,Hyderabad,5
EMP0586,8.2,Hybrid,2,3,3,4,1,Yes,4,Yes,Karnataka,1
EMP0587,8.2,Office,3,5,1,2,2,No,2,Yes,Delhi,5
EMP0588,7.2,Home,5,3,2,4,5,No,5,Yes,Chennai,2
EMP0589,8.7,Office,2,3,4,5,4,Yes,5,Yes,Hyderabad,2
EMP0590,8.8,Home,3,3,5,2,3,Yes,5,Yes,Pune,2
EMP0591,8.9,Office,4,5,4,1,3,Yes,1,Yes,Pune,2
EMP0592,10.4,Home,1,2,1,1,5,No,3,Yes,Delhi,1
EMP0593,8.7,Office,4,5,3,1,2,No,3,Yes,Pune,1
EMP0594,10.3,Hybrid,2,4,2,5,5,Yes,3,No,Hyderabad,2
EMP0595,8.1,Office,2,4,3,1,3,No,1,Yes,Karnataka,5
EMP0596,10.2,Hybrid,1,3,1,3,2,Yes,1,No,Chennai,2
EMP0597,10.2,Office,5,2,3,3,2,No,3,No,Karnataka,3
EMP0598,9.2,Hybrid,4,5,5,2,5,Yes,3,Yes,Delhi,2
EMP0599,6.9,Hybrid,1,3,2,2,5,Yes,2,Yes,Hyderabad,1
EMP0600,10.2,Office,1,1,4,5,5,Yes,5,No,Chennai,5
EMP0601,9.6,Home,2,4,5,5,2,Yes,2,No,Pune,5
EMP0602,8.9,Office,4,1,2,2,3,No,3,No,Chennai,4
EMP0603,10.4,Home,4,5,2,2,1,No,1,Yes,Chennai,3
EMP0604,8.2,Hybrid,3,2,3,4,5,No,2,Yes,Karnataka,5
EMP0605,8.8,Home,4,3,1,2,2,Yes,5,No,Karnataka,5
EMP0606,10.6,Home,4,4,5,4,1,Yes,5,Yes,Delhi,5
EMP0607,6.5,Home,5,5,5,2,2,No,2,Yes,Chennai,3
EMP0608,9.1,Office,2,2,4,3,1,No,1,No,Delhi,5
EMP0609,7.9,Home,3,2,3,3,4,Yes,4,Yes,Pune,5
EMP0610,8.3,Hybrid,5,2,4,1,2,Yes,4,No,Delhi,3
EMP0611,11.3,Office,4,5,5,1,1,Yes,4,No,Karnataka,1
EMP0612,8.4,Home,1,1,3,2,5,Yes,4,Yes,Karnataka,3
EMP0613,9.3,Office,3,1,5,5,4,Yes,5,Yes,Chennai,5
EMP0614,9.1,Home,3,5,3,3,1,No,2,Yes,Pune,1
EMP0615,5.2,Home,4,2,5,2,1,Yes,5,No,Karnataka,4
EMP0616,13.8,Home,5,3,5,3,1,Yes,1,No,Karnataka,5
EMP0617,7.7,Hybrid,2,2,2,4,1,Yes,1,No,Karnataka,3
EMP0618,7.6,Office,5,4,2,4,3,Yes,1,No,Hyderabad,1
EMP0619,9.3,Home,4,5,2,4,1,No,3,No,Hyderabad,2
EMP0620,6.8,Home,2,1,1,2,2,No,3,No,Chennai,3
EMP0621,9.3,Home,5,5,3,1,2,No,1,Yes,Chennai,5
EMP0622,8.7,Hybrid,1,5,3,4,5,No,1,No,Chennai,4
EMP0623,9.6,Office,2,2,2,5,4,Yes,4,Yes,Delhi,4
EMP0624,9.5,Office,3,1,4,5,3,No,1,Yes,Hyderabad,2
EMP0625,9.1,Hybrid,1,2,4,5,5,Yes,4,No,Pune,3
EMP0626,7.9,Office,3,1,2,5,4,No,1,No,Delhi,4
EMP0627,9.9,Home,3,3,4,5,1,No,4,No,Pune,3
EMP0628,9,Office,2,1,2,4,4,No,2,Yes,Hyderabad,5
EMP0629,5.9,Home,5,2,5,5,4,No,3,No,Hyderabad,4
EMP0630,9.5,Office,2,3,2,2,1,No,5,Yes,Delhi,5
EMP0631,9.3,Office,5,5,1,4,4,Yes,2,Yes,Pune,2
EMP0632,7.4,Office,1,3,5,3,3,Yes,4,No,Delhi,1
EMP0633,10.7,Home,5,1,4,2,4,Yes,4,No,Chennai,1
EMP0634,6.6,Office,2,1,3,3,1,No,4,Yes,Karnataka,4
EMP0635,8.3,Hybrid,2,4,5,3,4,Yes,4,Yes,Delhi,2
EMP0636,9.6,Office,3,3,3,4,5,No,1,No,Karnataka,3
EMP0637,14.5,Home,2,3,3,3,5,No,3,No,Pune,1
EMP0638,9.9,Home,4,4,4,4,5,No,5,Yes,Karnataka,1
EMP0639,6.2,Home,5,4,3,3,2,No,5,No,Pune,1
EMP0640,12.5,Home,5,1,5,1,2,No,5,No,Delhi,2
EMP0641,7.8,Office,1,5,5,3,1,No,3,No,Hyderabad,2
EMP0642,7.9,Office,3,4,4,3,1,No,4,No,Hyderabad,4
EMP0643,8.9,Hybrid,3,4,4,2,1,No,5,Yes,Hyderabad,1
EMP0644,7.8,Office,1,3,2,2,1,No,1,No,Karnataka,3
EMP0645,9.1,Home,1,4,2,3,5,Yes,5,No,Hyderabad,1
EMP0646,9.7,Hybrid,2,2,5,2,3,No,1,No,Hyderabad,2
EMP0647,7.8,Hybrid,4,5,2,4,4,Yes,1,Yes,Chennai,5
EMP0648,9.7,Office,4,4,4,2,1,No,2,Yes,Chennai,1
EMP0649,10.5,Hybrid,1,2,4,1,3,Yes,3,No,Chennai,4
EMP0650,10.7,Hybrid,2,4,2,3,5,Yes,2,No,Chennai,2
EMP0651,9.2,Home,1,2,4,5,5,No,1,No,Karnataka,3
EMP0652,8.3,Home,4,2,2,4,2,No,5,Yes,Pune,5
EMP0653,6.4,Hybrid,4,1,2,2,4,No,1,Yes,Chennai,3
EMP0654,6.6,Hybrid,5,4,1,4,2,No,1,No,Karnataka,1
EMP0655,7.6,Office,3,1,5,2,3,Yes,3,Yes,Hyderabad,1
EMP0656,12.8,Hybrid,3,2,5,5,2,Yes,2,No,Pune,5
EMP0657,9.7,Hybrid,4,4,5,5,5,Yes,2,No,Karnataka,1
EMP0658,10.3,Home,3,5,5,2,2,No,5,No,Pune,1
EMP0659,9.1,Office,1,2,4,5,5,Yes,4,No,Karnataka,1
EMP0660,8.2,Office,3,3,5,4,1,No,4,Yes,Karnataka,1
EMP0661,11.9,Hybrid,4,4,2,1,2,Yes,2,Yes,Hyderabad,4
EMP0662,8.3,Office,3,4,4,2,2,No,3,Yes,Chennai,4
EMP0663,10.2,Hybrid,5,2,3,5,4,No,4,Yes,Hyderabad,1
EMP0664,10.2,Hybrid,1,3,3,5,4,No,1,No,Hyderabad,2
EMP0665,9,Hybrid,1,5,4,4,5,Yes,2,No,Delhi,5
EMP0666,8.8,Hybrid,1,1,5,1,3,Yes,2,Yes,Hyderabad,1
EMP0667,9.3,Home,2,1,4,3,2,No,3,Yes,Pune,3
EMP0668,8,Hybrid,3,2,4,1,3,Yes,5,No,Karnataka,1
EMP0669,7.3,Home,2,4,5,5,5,Yes,2,Yes,Hyderabad,3
EMP0670,7.1,Office,4,2,5,5,3,No,3,Yes,Delhi,5
EMP0671,10,Hybrid,3,1,2,1,2,Yes,3,Yes,Pune,2
EMP0672,8.7,Hybrid,1,1,4,4,1,No,3,No,Pune,2
EMP0673,9.7,Home,5,5,2,4,5,No,1,No,Delhi,2
EMP0674,6.6,Home,2,4,5,5,1,Yes,4,Yes,Hyderabad,1
EMP0675,9.9,Home,5,2,4,2,4,Yes,2,Yes,Hyderabad,5
EMP0676,7.5,Hybrid,3,4,2,4,4,No,1,Yes,Chennai,1
EMP0677,9.9,Home,1,4,5,1,2,No,1,No,Chennai,3
EMP0678,7.6,Office,5,3,4,3,3,No,4,No,Chennai,1
EMP0679,7.2,Hybrid,2,4,3,1,4,No,5,Yes,Chennai,2
EMP0680,8.1,Office,3,5,2,4,1,No,1,No,Delhi,5
EMP0681,8.6,Home,3,3,3,2,1,No,5,No,Karnataka,1
EMP0682,8.2,Hybrid,1,2,5,5,4,No,3,No,Delhi,2
EMP0683,8,Office,4,4,1,4,5,No,5,No,Chennai,4
EMP0684,9.8,Office,3,4,4,3,2,No,5,Yes,Delhi,3
EMP0685,9.7,Office,4,4,2,5,3,No,5,No,Hyderabad,2
EMP0686,10.4,Home,3,2,5,5,1,Yes,5,No,Chennai,4
EMP0687,9.9,Hybrid,2,4,4,3,3,Yes,2,No,Karnataka,5
EMP0688,8.8,Hybrid,4,1,4,5,5,No,3,Yes,Chennai,1
EMP0689,10.3,Office,4,2,5,4,3,No,2,Yes,Pune,1
EMP0690,10,Home,1,1,3,1,5,No,2,Yes,Chennai,5
EMP0691,8.4,Home,4,4,1,1,2,Yes,3,No,Delhi,5
EMP0692,8.7,Hybrid,2,4,4,3,5,No,4,No,Chennai,4
EMP0693,5.5,Hybrid,4,4,5,5,5,No,5,No,Pune,3
EMP0694,9.4,Office,4,4,2,4,4,Yes,2,Yes,Pune,2
EMP0695,8.3,Hybrid,1,1,2,5,1,Yes,4,Yes,Chennai,1
EMP0696,9,Office,5,4,3,5,3,No,4,No,Delhi,2
EMP0697,11.9,Home,4,5,2,3,3,Yes,3,Yes,Karnataka,2
EMP0698,8.1,Office,4,1,4,5,2,Yes,2,Yes,Pune,5
EMP0699,7.5,Office,5,1,1,3,3,Yes,2,No,Chennai,4
EMP0700,8.6,Home,3,1,1,1,5,Yes,3,Yes,Pune,2
EMP0701,9.6,Hybrid,1,5,4,4,3,Yes,4,Yes,Delhi,4
EMP0702,11.1,Office,2,1,5,4,3,No,4,No,Karnataka,1
EMP0703,8.2,Office,4,1,4,2,3,Yes,4,Yes,Chennai,4
EMP0704,12,Home,4,1,1,1,3,Yes,5,No,Chennai,1
EMP0705,11.5,Hybrid,5,5,1,1,5,Yes,3,No,Pune,5
EMP0706,5.6,Hybrid,1,5,3,4,3,Yes,3,No,Pune,2
EMP0707,7.8,Home,5,4,5,2,5,No,5,Yes,Hyderabad,2
EMP0708,10,Home,5,4,5,5,2,No,3,No,Chennai,5
EMP0709,11.1,Home,1,3,1,4,2,Yes,4,Yes,Delhi,4
EMP0710,9.2,Hybrid,3,4,5,4,3,No,4,No,Chennai,5
EMP0711,8.4,Hybrid,3,4,5,1,3,No,3,Yes,Hyderabad,2
EMP0712,11.4,Office,2,3,5,1,5,No,1,No,Hyderabad,4
EMP0713,11.8,Office,2,4,1,5,4,Yes,4,No,Delhi,2
EMP0714,10.8,Office,4,2,4,4,5,Yes,5,Yes,Pune,2
EMP0715,9.7,Hybrid,5,5,3,2,2,Yes,1,Yes,Karnataka,1
EMP0716,8.4,Office,1,2,1,3,2,Yes,2,Yes,Pune,4
EMP0717,15.7,Office,3,2,5,1,4,No,2,Yes,Pune,1
EMP0718,9.6,Office,4,5,4,1,3,Yes,4,No,Chennai,1
EMP0719,8.4,Hybrid,5,4,3,3,4,No,2,Yes,Hyderabad,5
EMP0720,10.9,Office,1,3,5,2,5,No,2,No,Karnataka,5
EMP0721,8.8,Office,5,1,1,3,3,No,3,No,Pune,1
EMP0722,9.8,Home,2,4,2,2,1,Yes,4,No,Chennai,1
EMP0723,11.4,Office,2,5,4,4,5,No,1,No,Karnataka,5
EMP0724,9.3,Home,4,3,1,5,3,Yes,2,Yes,Delhi,4
EMP0725,9.3,Hybrid,4,1,3,3,2,Yes,4,No,Chennai,4
EMP0726,11.2,Office,5,3,3,1,1,No,2,Yes,Karnataka,3
EMP0727,11.4,Office,4,4,5,2,1,Yes,5,No,Hyderabad,4
EMP0728,8.4,Home,4,2,4,4,3,No,1,Yes,Pune,1
EMP0729,10.6,Home,1,5,3,4,5,No,2,No,Karnataka,4
EMP0730,8.7,Home,4,1,5,4,4,No,5,No,Chennai,5
EMP0731,7.8,Home,2,3,3,3,5,Yes,3,Yes,Chennai,5
EMP0732,9.1,Office,3,1,5,1,3,No,5,Yes,Pune,3
EMP0733,8.5,Hybrid,5,3,5,1,1,No,4,No,Karnataka,1
EMP0734,7.1,Office,1,5,1,3,5,Yes,1,No,Karnataka,4
EMP0735,9,Home,4,3,3,1,3,No,5,Yes,Delhi,5
EMP0736,7.8,Home,1,3,2,5,2,Yes,4,Yes,Pune,5
EMP0737,10.2,Home,2,1,4,1,1,No,1,Yes,Hyderabad,2
EMP0738,6.9,Hybrid,1,3,3,5,3,Yes,4,No,Karnataka,1
EMP0739,11.2,Home,4,5,5,2,4,No,5,Yes,Delhi,1
EMP0740,8.2,Home,2,4,2,3,2,No,3,No,Hyderabad,2
EMP0741,6.5,Hybrid,2,4,5,1,5,No,3,Yes,Delhi,3
EMP0742,7.7,Office,3,5,5,5,1,No,3,No,Pune,3
EMP0743,8.3,Office,5,2,4,1,5,Yes,5,No,Chennai,4
EMP0744,9.7,Office,3,3,4,4,3,No,2,No,Hyderabad,5
EMP0745,11.4,Home,2,2,3,4,2,No,4,Yes,Hyderabad,2
EMP0746,9,Office,3,5,1,5,4,Yes,1,Yes,Chennai,4
EMP0747,11.1,Office,2,4,5,3,4,Yes,4,No,Karnataka,1
EMP0748,8.1,Office,1,4,4,5,1,Yes,4,Yes,Delhi,2
EMP0749,9.1,Office,3,2,3,1,5,No,3,Yes,Chennai,4
EMP0750,8.2,Hybrid,5,1,3,2,2,Yes,2,Yes,Hyderabad,5
EMP0751,11.1,Office,2,3,2,1,5,Yes,4,Yes,Pune,5
EMP0752,8.8,Hybrid,4,5,4,3,4,No,4,Yes,Hyderabad,5
EMP0753,9.3,Hybrid,2,3,2,5,1,No,2,No,Pune,3
EMP0754,10.8,Home,3,2,4,3,5,Yes,3,Yes,Karnataka,3
EMP0755,10.9,Office,1,1,1,4,4,No,1,Yes,Chennai,5
EMP0756,8.8,Home,2,1,4,5,3,No,4,No,Delhi,4
EMP0757,6.8,Hybrid,4,2,2,1,5,No,1,Yes,Karnataka,1
EMP0758,10.1,Hybrid,5,4,5,5,1,Yes,3,No,Hyderabad,4
EMP0759,9,Hybrid,4,2,3,3,5,Yes,4,Yes,Karnataka,4
EMP0760,9.7,Office,1,5,4,1,5,Yes,2,Yes,Chennai,1
EMP0761,8.2,Office,5,5,2,4,1,No,4,No,Hyderabad,5
EMP0762,10,Hybrid,3,2,3,4,3,Yes,4,Yes,Chennai,1
EMP0763,10.7,Hybrid,4,3,1,2,1,Yes,1,Yes,Delhi,2
EMP0764,12,Office,4,3,2,4,4,No,1,No,Chennai,5
EMP0765,9.1,Hybrid,5,5,2,3,5,No,3,No,Chennai,3
EMP0766,4.4,Home,2,4,1,4,5,Yes,3,Yes,Hyderabad,1
EMP0767,7.5,Hybrid,1,5,1,3,3,Yes,2,Yes,Delhi,3
EMP0768,8.1,Hybrid,2,3,2,5,2,No,4,Yes,Hyderabad,4
EMP0769,10.3,Home,2,5,4,2,5,Yes,2,Yes,Chennai,3
EMP0770,8.6,Home,5,2,2,2,5,Yes,3,No,Delhi,3
EMP0771,9.1,Home,5,5,3,4,2,Yes,5,Yes,Hyderabad,5
EMP0772,8.4,Home,1,4,4,3,1,No,3,No,Pune,2
EMP0773,14.6,Hybrid,4,1,1,3,2,Yes,4,Yes,Delhi,1
EMP0774,8.2,Hybrid,3,1,4,2,3,No,2,Yes,Chennai,5
EMP0775,10.2,Hybrid,2,4,2,2,4,No,2,Yes,Karnataka,2
EMP0776,7.2,Home,3,2,3,2,4,No,4,No,Delhi,3
EMP0777,10.9,Hybrid,5,1,1,4,1,No,3,No,Hyderabad,2
EMP0778,9.6,Office,5,4,5,5,1,Yes,2,Yes,Karnataka,2
EMP0779,7.5,Home,3,3,5,1,1,Yes,2,Yes,Hyderabad,3
EMP0780,9.8,Hybrid,1,3,5,4,1,No,5,Yes,Karnataka,4
EMP0781,9.8,Hybrid,1,1,1,4,3,Yes,2,Yes,Hyderabad,4
EMP0782,8.1,Office,1,3,2,5,3,No,5,No,Pune,2
EMP0783,8.7,Office,2,2,3,3,3,No,2,Yes,Pune,1
EMP0784,10.4,Office,3,1,1,1,3,No,5,Yes,Delhi,3
EMP0785,10.2,Office,4,2,3,3,3,No,4,No,Pune,3
EMP0786,12.8,Office,5,3,5,2,2,Yes,2,Yes,Hyderabad,5
EMP0787,10.7,Home,3,4,3,1,2,No,4,No,Delhi,2
EMP0788,8.5,Office,4,3,2,2,2,No,2,Yes,Hyderabad,5
EMP0789,6,Home,2,4,3,3,2,Yes,5,Yes,Karnataka,1
EMP0790,9.7,Office,2,4,4,5,5,Yes,3,Yes,Hyderabad,2
EMP0791,9.4,Office,5,3,3,1,1,Yes,2,Yes,Pune,3
EMP0792,8.9,Hybrid,1,1,3,1,4,Yes,2,Yes,Chennai,3
EMP0793,9.6,Home,4,3,1,4,1,Yes,1,Yes,Hyderabad,1
EMP0794,8.9,Office,3,2,4,1,1,No,3,No,Pune,1
EMP0795,11.3,Hybrid,3,2,4,4,4,Yes,4,Yes,Pune,5
EMP0796,8.2,Office,3,3,4,2,1,No,2,No,Karnataka,2
EMP0797,10.1,Office,2,1,3,4,4,Yes,4,No,Chennai,1
EMP0798,14.3,Hybrid,3,3,3,5,1,No,2,No,Chennai,2
EMP0799,6.4,Office,2,2,2,3,1,Yes,2,Yes,Pune,2
EMP0800,9,Home,1,2,2,3,3,No,3,No,Delhi,2
